{
	"info": {
		"_postman_id": "93a3127b-1724-4c79-9b3d-8149d9a0dc07",
		"name": "OrderManageMent",
		"schema": "https://schema.getpostman.com/json/collection/v2.1.0/collection.json"
	},
	"item": [
		{
			"name": "OrdersItems",
			"request": {
				"method": "POST",
				"header": [],
				"body": {
					"mode": "raw",
					"raw": "{\r\n    \"name\":\"Dove\",\r\n    \"quantity\":10\r\n\r\n}",
					"options": {
						"raw": {
							"language": "json"
						}
					}
				},
				"url": {
					"raw": "http://localhost:8081/v1/orderitems",
					"protocol": "http",
					"host": [
						"localhost"
					],
					"port": "8081",
					"path": [
						"v1",
						"orderitems"
					]
				}
			},
			"response": []
		},
		{
			"name": "OrderItems",
			"request": {
				"method": "GET",
				"header": [],
				"url": {
					"raw": "http://localhost:8081/v1/orderitems/402880e9740767f2017407683fb00000",
					"protocol": "http",
					"host": [
						"localhost"
					],
					"port": "8081",
					"path": [
						"v1",
						"orderitems",
						"402880e9740767f2017407683fb00000"
					],
					"query": [
						{
							"key": "",
							"value": null,
							"disabled": true
						}
					]
				}
			},
			"response": []
		},
		{
			"name": "Orders",
			"request": {
				"method": "POST",
				"header": [],
				"body": {
					"mode": "raw",
					"raw": "{\r\n    \"customerName\":\"vishal\",\r\n    \"address\":\"Pune\",\r\n    \"orderItems\":[\r\n        {\r\n        \"code\": \"402880e9740767f2017407683fb00000\",\r\n        \"name\": \"Dove\",\r\n        \"quantity\": 10\r\n        }\r\n    ]\r\n\r\n}",
					"options": {
						"raw": {
							"language": "json"
						}
					}
				},
				"url": {
					"raw": "http://localhost:8081/v1/orders",
					"protocol": "http",
					"host": [
						"localhost"
					],
					"port": "8081",
					"path": [
						"v1",
						"orders"
					]
				}
			},
			"response": []
		},
		{
			"name": "Orders",
			"request": {
				"method": "GET",
				"header": [],
				"url": {
					"raw": "http://localhost:8081/v1/orders/402880e97406f28a017406f2d88d0001",
					"protocol": "http",
					"host": [
						"localhost"
					],
					"port": "8081",
					"path": [
						"v1",
						"orders",
						"402880e97406f28a017406f2d88d0001"
					],
					"query": [
						{
							"key": "",
							"value": null,
							"disabled": true
						}
					]
				}
			},
			"response": []
		}
	],
	"protocolProfileBehavior": {}
}